"Host","Log Name","Date Time","Time Zone","Method","URL","Response Code","Bytes Sent","Referer","User Agent"
"127.0.0.1","frank","2000-10-10 13:55:36","GMT-0700","GET","/apache_pb.gif",200,2326,"",""
"127.0.0.1","frank","2000-10-10 13:55:36","GMT-0700","GET","/apache_pb.gif",200,2326,"",""
"189.111.183.125","-","2015-09-14 06:26:22","GMT+0200","GET","/access.log",200,0,"http://www.veterina.jemnice.cz/","Mozilla/5.0 (Windows NT 6.3; WOW64; rv:34.0) Gecko/20100101 Firefox/34.0 AlexaToolbar/alxf-2.21"
"189.111.183.125","-","2015-09-14 06:26:23","GMT+0200","GET","/access.log",200,214,"http://www.veterina.jemnice.cz/","Mozilla/5.0 (Windows NT 6.3; WOW64; rv:34.0) Gecko/20100101 Firefox/34.0 AlexaToolbar/alxf-2.21"
"31.184.238.128","-","2015-09-14 06:30:23","GMT+0200","GET","/access.log",200,430,"http://www.theknot.com/wedding/stromectol-buying","Mozilla/5.0 (Windows NT 6.1; WOW64) AppleWebKit/537.36 (KHTML, like Gecko) Chrome/32.0.1700.107 Safari/537.36 OPR/19.0.1326.63"
"31.184.238.128","-","2015-09-14 06:41:58","GMT+0200","GET","/access.log",200,693,"http://effexoroz9.forumcircle.com","Mozilla/5.0 (Windows NT 5.1) AppleWebKit/537.36 (KHTML, like Gecko) Chrome/32.0.1700.102 Safari/537.36"
"66.249.75.233","-","2015-09-14 06:46:47","GMT+0200","GET","/index.php/kontakt.html",404,1489,"-","Mozilla/5.0 (compatible; Googlebot/2.1; +http://www.google.com/bot.html)"
"31.184.238.128","-","2015-09-14 06:53:38","GMT+0200","GET","/access.log",200,1091,"http://order-propranolol-40mg-cheap.over-blog.com","Mozilla/5.0 (Windows NT 5.1) AppleWebKit/537.36 (KHTML, like Gecko) Chrome/32.0.1700.107 Safari/537.36"
"206.72.194.12","-","2015-09-14 07:01:17","GMT+0200","GET","/access.log",200,1332,"http://www.veterina.jemnice.cz/","Mozilla/5.0 (Windows NT 6.1; Win64; x64) AppleWebKit/537.36 (KHTML, like Gecko) Chrome/39.0.2171.95 Safari/537.36"
"31.184.238.128","-","2015-09-14 07:05:07","GMT+0200","GET","/access.log",200,1565,"http://ordersildenafilcitrate25mgonline.aircus.com","Mozilla/5.0 (Windows NT 6.1; WOW64) AppleWebKit/537.36 (KHTML, like Gecko) Chrome/33.0.1750.146 Safari/537.36"
"66.249.75.217","-","2015-09-14 07:06:04","GMT+0200","GET","/index.php",200,11064,"-","Mozilla/5.0 (compatible; Googlebot/2.1; +http://www.google.com/bot.html)"
"192.187.100.154","-","2015-09-14 07:08:09","GMT+0200","GET","/access.log",200,1976,"http://www.veterina.jemnice.cz/","Mozilla/5.0 (Windows NT 6.1; Win64; x64) AppleWebKit/537.36 (KHTML, like Gecko) Chrome/39.0.2171.95 Safari/537.36"
"31.184.238.128","-","2015-09-14 07:16:59","GMT+0200","GET","/access.log",200,2211,"http://gravatar.com/ordersalmeterolonline","Opera/9.80 (Windows NT 6.1; WOW64) Presto/2.12.388 Version/12.15"
"31.184.238.128","-","2015-09-14 07:28:58","GMT+0200","GET","/access.log",200,2406,"http://chlorpromazine-buy-cheap.tumblr.com","Mozilla/5.0 (Windows NT 6.1; rv:26.0) Gecko/20100101 Firefox/26.0"
"5.45.64.205","-","2015-09-14 07:38:58","GMT+0200","GET","/administrator/",200,6324,"-","Mozilla/5.0 (X11; U; Linux i686; en-US) AppleWebKit/534.16 (KHTML, like Gecko) Ubuntu/10.10 Chromium/10.0.648.0 Chrome/10.0.648.0 Safari/534.16"
"5.45.64.205","-","2015-09-14 07:38:58","GMT+0200","POST","/administrator/index.php",303,0,"http://www.veterina.jemnice.cz/administrator/","Mozilla/5.0 (X11; U; Linux i686; en-US) AppleWebKit/534.16 (KHTML, like Gecko) Ubuntu/10.10 Chromium/10.0.648.0 Chrome/10.0.648.0 Safari/534.16"
"5.45.64.205","-","2015-09-14 07:38:59","GMT+0200","GET","/administrator/index.php",200,6598,"http://www.veterina.jemnice.cz/administrator/","Mozilla/5.0 (X11; U; Linux i686; en-US) AppleWebKit/534.16 (KHTML, like Gecko) Ubuntu/10.10 Chromium/10.0.648.0 Chrome/10.0.648.0 Safari/534.16"
"31.184.238.128","-","2015-09-14 07:41:04","GMT+0200","GET","/access.log",200,3412,"http://gravatar.com/orderticlidportugal","Mozilla/5.0 (Windows NT 6.1) AppleWebKit/537.36 (KHTML, like Gecko) Chrome/33.0.1750.117 Safari/537.36"
"66.249.75.225","-","2015-09-14 07:44:38","GMT+0200","GET","/",200,11130,"-","Mozilla/5.0 (compatible; Googlebot/2.1; +http://www.google.com/bot.html)"
"113.236.120.89","-","2015-09-14 07:46:57","GMT+0200","GET","/access.log",200,3796,"http://www.veterina.jemnice.cz/","Mozilla/5.0 (Windows NT 6.1; Win64; x64) AppleWebKit/537.36 (KHTML, like Gecko) Chrome/40.0.2214.85 Safari/537.36"
"31.184.238.128","-","2015-09-14 07:53:08","GMT+0200","GET","/access.log",200,4030,"http://www.theknot.com/wedding/buying-chloroquine-17","Mozilla/5.0 (Windows NT 6.3; WOW64) AppleWebKit/537.36 (KHTML, like Gecko) Chrome/33.0.1750.146 Safari/537.36"
"158.222.4.17","-","2015-09-14 08:02:51","GMT+0200","GET","/access.log",200,4281,"http://www.veterina.jemnice.cz/","Mozilla/5.0 (Windows NT 6.1; Win64; x64) AppleWebKit/537.36 (KHTML, like Gecko) Chrome/39.0.2171.95 Safari/537.36"
"31.184.238.128","-","2015-09-14 08:05:12","GMT+0200","GET","/access.log",200,4513,"http://www.theknot.com/wedding/buying-lotrel","Mozilla/5.0 (Windows NT 6.1) AppleWebKit/537.36 (KHTML, like Gecko) Chrome/33.0.1750.117 Safari/537.36"
"31.184.238.128","-","2015-09-14 08:17:19","GMT+0200","GET","/access.log",200,4749,"http://buysymmetrelonlinech.forumcircle.com","Mozilla/5.0 (Windows NT 6.1; WOW64) AppleWebKit/537.36 (KHTML, like Gecko) Chrome/33.0.1750.117 Safari/537.36 OPR/20.0.1387.64"
"31.184.238.128","-","2015-09-14 08:29:32","GMT+0200","GET","/access.log",200,5008,"http://www.theknot.com/wedding/prescription-and-progesterone","Mozilla/5.0 (Windows NT 6.3; WOW64) AppleWebKit/537.36 (KHTML, like Gecko) Chrome/33.0.1750.146 Safari/537.36"
"31.184.238.128","-","2015-09-14 08:41:38","GMT+0200","GET","/access.log",200,5267,"http://gravatar.com/zxfemaleviagra","Opera/9.80 (Windows NT 6.1; WOW64) Presto/2.12.388 Version/12.16"
"31.184.238.128","-","2015-09-14 08:53:44","GMT+0200","GET","/access.log",200,5455,"http://www.theknot.com/wedding/kemadrin-and-low","Mozilla/5.0 (Windows NT 6.1) AppleWebKit/537.36 (KHTML, like Gecko) Chrome/33.0.1750.146 Safari/537.36"
"31.184.238.128","-","2015-09-14 09:06:06","GMT+0200","GET","/access.log",200,5694,"http://www.theknot.com/wedding/crestor-and-low","Mozilla/5.0 (Windows NT 6.0) AppleWebKit/537.36 (KHTML, like Gecko) Chrome/32.0.1700.107 Safari/537.36"
"195.154.34.150","-","2015-09-14 09:15:29","GMT+0200","GET","/access.log",200,5932,"http://www.veterina.jemnice.cz/","Mozilla/5.0 (Windows NT 6.1; Win64; x64) AppleWebKit/537.36 (KHTML, like Gecko) Chrome/40.0.2214.85 Safari/537.36"
"31.184.238.128","-","2015-09-14 09:18:06","GMT+0200","GET","/access.log",200,6166,"http://www.theknot.com/wedding/cymbalta-and-without","Opera/9.80 (Windows NT 6.1) Presto/2.12.388 Version/12.16"
"5.157.41.35","-","2015-09-14 09:19:07","GMT+0200","GET","/access.log",200,6364,"http://www.veterina.jemnice.cz/","Mozilla/5.0 (Windows NT 6.1; Win64; x64) AppleWebKit/537.36 (KHTML, like Gecko) Chrome/40.0.2214.85 Safari/537.36"
"66.249.75.233","-","2015-09-14 09:21:04","GMT+0200","GET","/robots.txt",404,319,"-","Mozilla/5.0 (compatible; Googlebot/2.1; +http://www.google.com/bot.html)"
"66.249.75.233","-","2015-09-14 09:21:04","GMT+0200","GET","/index.php",200,11064,"-","Mozilla/5.0 (compatible; Googlebot/2.1; +http://www.google.com/bot.html)"
"31.184.238.128","-","2015-09-14 09:29:28","GMT+0200","GET","/access.log",200,6918,"http://orderorlistatcheap.page.tl","Mozilla/5.0 (iPad; CPU OS 7_0_4 like Mac OS X) AppleWebKit/537.51.1 (KHTML, like Gecko) Version/7.0 Mobile/11B554a Safari/9537.53"
"50.118.222.168","-","2015-09-14 09:39:35","GMT+0200","GET","/access.log",200,7170,"http://www.veterina.jemnice.cz/","Mozilla/5.0 (Windows NT 6.1; Win64; x64) AppleWebKit/537.36 (KHTML, like Gecko) Chrome/40.0.2214.85 Safari/537.36"
"31.184.238.128","-","2015-09-14 09:40:58","GMT+0200","GET","/access.log",200,7404,"http://dofenofibrate160mg.over-blog.com","Opera/9.80 (Windows NT 6.1; WOW64) Presto/2.12.388 Version/12.16"
"39.184.99.162","-","2015-09-14 09:44:36","GMT+0200","GET","/access.log",200,7597,"http://www.veterina.jemnice.cz/","Mozilla/5.0 (Windows NT 6.1; Win64; x64) AppleWebKit/537.36 (KHTML, like Gecko) Chrome/40.0.2214.85 Safari/537.36"
"210.101.131.232","-","2015-09-14 09:50:07","GMT+0200","GET","/access.log",200,7830,"http://www.veterina.jemnice.cz/","Mozilla/5.0 (Windows NT 6.1; Win64; x64) AppleWebKit/537.36 (KHTML, like Gecko) Chrome/40.0.2214.85 Safari/537.36"
"119.29.116.149","-","2015-09-14 09:51:55","GMT+0200","GET","/access.log",200,8065,"http://www.veterina.jemnice.cz/","Mozilla/5.0 (Windows NT 6.3; WOW64; rv:35.0) Gecko/20100101 Firefox/35.0"
"66.249.75.217","-","2015-09-14 09:52:05","GMT+0200","GET","/access.log",200,8258,"-","Mozilla/5.0 (compatible; Googlebot/2.1; +http://www.google.com/bot.html)"
"31.184.238.128","-","2015-09-14 09:53:00","GMT+0200","GET","/access.log",200,8420,"http://pyridiumlfs.forumcircle.com","Mozilla/5.0 (Windows NT 6.1; WOW64; rv:27.0) Gecko/20100101 Firefox/27.0"
"85.102.147.81","-","2015-09-14 10:04:08","GMT+0200","GET","/index.php?option=com_user&view=reset",404,1501,"-","Mozilla/5.0 (Windows; U; Windows NT 5.1; tr; rv:1.9.2.10) Gecko/20100914 Firefox/3.6.10 ( .NET CLR 3.5.30729; .NET4.0E)"
"31.184.238.128","-","2015-09-14 10:05:06","GMT+0200","GET","/access.log",200,8851,"http://prochlorperazine5mg29k.over-blog.com","Mozilla/5.0 (Windows NT 6.3; WOW64) AppleWebKit/537.36 (KHTML, like Gecko) Chrome/32.0.1700.76 Safari/537.36"
"31.184.238.128","-","2015-09-14 10:16:22","GMT+0200","GET","/access.log",200,9092,"http://clonidinen.aircus.com","Mozilla/5.0 (Windows NT 6.1; WOW64) AppleWebKit/537.36 (KHTML, like Gecko) Chrome/32.0.1700.102 Safari/537.36"
"5.45.64.205","-","2015-09-14 10:21:26","GMT+0200","GET","/administrator/",200,6324,"-","Mozilla/5.0 (Windows NT 6.0) AppleWebKit/535.1 (KHTML, like Gecko) Chrome/13.0.782.1 Safari/535.1"
"5.45.64.205","-","2015-09-14 10:21:27","GMT+0200","POST","/administrator/index.php",303,0,"http://www.veterina.jemnice.cz/administrator/","Mozilla/5.0 (Windows NT 6.0) AppleWebKit/535.1 (KHTML, like Gecko) Chrome/13.0.782.1 Safari/535.1"
"5.45.64.205","-","2015-09-14 10:21:27","GMT+0200","GET","/administrator/index.php",200,6598,"http://www.veterina.jemnice.cz/administrator/","Mozilla/5.0 (Windows NT 6.0) AppleWebKit/535.1 (KHTML, like Gecko) Chrome/13.0.782.1 Safari/535.1"
"192.187.100.154","-","2015-09-14 10:22:09","GMT+0200","GET","/access.log",200,9990,"http://www.veterina.jemnice.cz/","Mozilla/5.0 (Windows NT 6.1; Win64; x64) AppleWebKit/537.36 (KHTML, like Gecko) Chrome/40.0.2214.85 Safari/537.36"
"31.184.238.128","-","2015-09-14 10:28:05","GMT+0200","GET","/access.log",200,10225,"http://www.theknot.com/wedding/imitrex-order","Mozilla/5.0 (Windows NT 6.3; WOW64; rv:26.0) Gecko/20100101 Firefox/26.0"
"66.249.75.225","-","2015-09-14 10:32:18","GMT+0200","GET","/index.php",200,11064,"-","SAMSUNG-SGH-E250/1.0 Profile/MIDP-2.0 Configuration/CLDC-1.1 UP.Browser/6.2.3.3.c.1.101 (GUI) MMP/2.0 (compatible; Googlebot-Mobile/2.1; +http://www.google.com/bot.html)"
"31.184.238.128","-","2015-09-14 10:39:41","GMT+0200","GET","/access.log",200,10691,"http://orderesomeprazoleonline.page.tl","Mozilla/5.0 (Windows NT 5.1) AppleWebKit/537.36 (KHTML, like Gecko) Chrome/33.0.1750.117 Safari/537.36"
"31.184.238.128","-","2015-09-14 10:51:16","GMT+0200","GET","/access.log",200,10922,"http://qm9aciclovir.over-blog.com","Mozilla/5.0 (Windows NT 6.1; WOW64) AppleWebKit/537.36 (KHTML, like Gecko) Chrome/32.0.1700.76 Safari/537.36"
"85.102.147.81","-","2015-09-14 10:54:11","GMT+0200","GET","/index.php?option=com_user&view=reset",404,1501,"-","Mozilla/5.0 (Windows; U; Windows NT 5.1; tr; rv:1.9.2.10) Gecko/20100914 Firefox/3.6.10 ( .NET CLR 3.5.30729; .NET4.0E)"
"23.95.231.231","-","2015-09-14 10:58:11","GMT+0200","GET","/access.log",200,11389,"http://www.veterina.jemnice.cz/","Mozilla/5.0 (Windows NT 6.1; Win64; x64) AppleWebKit/537.36 (KHTML, like Gecko) Chrome/40.0.2214.85 Safari/537.36"
"23.95.231.231","-","2015-09-14 10:58:12","GMT+0200","GET","/administrator/",200,6324,"http://www.veterina.jemnice.cz/access.log","Mozilla/5.0 (Windows NT 6.1; Win64; x64) AppleWebKit/537.36 (KHTML, like Gecko) Chrome/40.0.2214.85 Safari/537.36"
"104.168.52.84","-","2015-09-14 11:01:58","GMT+0200","GET","/access.log",200,11870,"http://www.veterina.jemnice.cz/","Mozilla/5.0 (Windows NT 6.1; Win64; x64) AppleWebKit/537.36 (KHTML, like Gecko) Chrome/40.0.2214.85 Safari/537.36"
"104.168.52.84","-","2015-09-14 11:01:59","GMT+0200","GET","/administrator/",200,6324,"http://www.veterina.jemnice.cz/access.log","Mozilla/5.0 (Windows NT 6.1; Win64; x64) AppleWebKit/537.36 (KHTML, like Gecko) Chrome/40.0.2214.85 Safari/537.36"
"192.3.189.226","-","2015-09-14 11:02:01","GMT+0200","GET","/access.log",200,12351,"http://www.veterina.jemnice.cz/","Mozilla/5.0 (Windows NT 6.1; Win64; x64) AppleWebKit/537.36 (KHTML, like Gecko) Chrome/40.0.2214.85 Safari/537.36"
"192.3.189.226","-","2015-09-14 11:02:02","GMT+0200","GET","/administrator/",200,6324,"http://www.veterina.jemnice.cz/access.log","Mozilla/5.0 (Windows NT 6.1; Win64; x64) AppleWebKit/537.36 (KHTML, like Gecko) Chrome/40.0.2214.85 Safari/537.36"
"31.184.238.128","-","2015-09-14 11:02:52","GMT+0200","GET","/access.log",200,12832,"http://buyvaltrex1000mg.forumcircle.com","Mozilla/5.0 (Windows NT 5.1) AppleWebKit/537.36 (KHTML, like Gecko) Chrome/32.0.1700.107 Safari/537.36"
"107.172.6.145","-","2015-09-14 11:11:51","GMT+0200","GET","/access.log",200,13064,"http://www.veterina.jemnice.cz/","Mozilla/5.0 (Windows NT 6.1; Win64; x64) AppleWebKit/537.36 (KHTML, like Gecko) Chrome/40.0.2214.85 Safari/537.36"
"107.172.6.145","-","2015-09-14 11:11:51","GMT+0200","GET","/administrator/",200,6324,"http://www.veterina.jemnice.cz/access.log","Mozilla/5.0 (Windows NT 6.1; Win64; x64) AppleWebKit/537.36 (KHTML, like Gecko) Chrome/40.0.2214.85 Safari/537.36"
"31.184.238.128","-","2015-09-14 11:14:12","GMT+0200","GET","/access.log",200,13545,"http://kkuphenazopyridine.aircus.com","Mozilla/5.0 (Windows NT 6.1; WOW64; rv:26.0) Gecko/20100101 Firefox/26.0"
"107.172.6.145","-","2015-09-14 11:24:06","GMT+0200","GET","/access.log",200,13744,"http://www.veterina.jemnice.cz/","Mozilla/5.0 (Windows NT 6.1; Win64; x64) AppleWebKit/537.36 (KHTML, like Gecko) Chrome/40.0.2214.85 Safari/537.36"
"107.172.6.145","-","2015-09-14 11:24:07","GMT+0200","GET","/administrator/",200,6324,"http://www.veterina.jemnice.cz/access.log","Mozilla/5.0 (Windows NT 6.1; Win64; x64) AppleWebKit/537.36 (KHTML, like Gecko) Chrome/40.0.2214.85 Safari/537.36"
"23.95.233.227","-","2015-09-14 11:24:58","GMT+0200","GET","/access.log",200,14225,"http://www.veterina.jemnice.cz/","Mozilla/5.0 (Windows NT 6.1; Win64; x64) AppleWebKit/537.36 (KHTML, like Gecko) Chrome/40.0.2214.85 Safari/537.36"
"23.95.233.227","-","2015-09-14 11:24:59","GMT+0200","GET","/administrator/",200,6324,"http://www.veterina.jemnice.cz/access.log","Mozilla/5.0 (Windows NT 6.1; Win64; x64) AppleWebKit/537.36 (KHTML, like Gecko) Chrome/40.0.2214.85 Safari/537.36"
"31.184.238.128","-","2015-09-14 11:25:53","GMT+0200","GET","/access.log",200,14706,"http://orderverapamilsafely.forumcircle.com","Mozilla/5.0 (Windows NT 6.1; WOW64) AppleWebKit/537.36 (KHTML, like Gecko) Chrome/32.0.1700.107 Safari/537.36 OPR/19.0.1326.63"
"31.184.238.128","-","2015-09-14 11:37:14","GMT+0200","GET","/access.log",200,14966,"http://www.theknot.com/wedding/loratadine-and-delivery","Mozilla/5.0 (Windows NT 6.1) AppleWebKit/537.36 (KHTML, like Gecko) Chrome/30.0.1599.13014 YaBrowser/13.12.1599.13014 Safari/537.36"
"31.184.238.128","-","2015-09-14 11:49:04","GMT+0200","GET","/access.log",200,15242,"http://gravatar.com/evunteldocormai","Mozilla/5.0 (Windows NT 6.1) AppleWebKit/537.36 (KHTML, like Gecko) Chrome/32.0.1700.107 Safari/537.36"
"80.68.69.150","-","2015-09-14 11:53:48","GMT+0200","GET","/access.log",200,15470,"http://www.veterina.jemnice.cz/","Mozilla/5.0 (Windows NT 6.3; WOW64; rv:35.0) Gecko/20100101 Firefox/35.0"
"209.249.180.198","-","2015-09-14 11:54:43","GMT+0200","GET","/access.log",200,15662,"http://www.veterina.jemnice.cz/","Mozilla/5.0 (Windows NT 6.1; Win64; x64) AppleWebKit/537.36 (KHTML, like Gecko) Chrome/40.0.2214.85 Safari/537.36"
"31.184.238.128","-","2015-09-14 12:00:40","GMT+0200","GET","/access.log",200,15898,"http://orderepivir2014.forumcircle.com","Opera/9.80 (Windows NT 5.1) Presto/2.12.388 Version/12.16"
"66.249.75.233","-","2015-09-14 12:01:47","GMT+0200","GET","/",200,11130,"-","Mozilla/5.0 (compatible; Googlebot/2.1; +http://www.google.com/bot.html)"
"31.184.238.128","-","2015-09-14 12:12:25","GMT+0200","GET","/access.log",200,16237,"http://amiloride5mg812.over-blog.com","Mozilla/5.0 (Windows NT 6.1) AppleWebKit/537.36 (KHTML, like Gecko) Chrome/30.0.1599.12785 YaBrowser/13.12.1599.12785 Safari/537.36"
"192.99.8.168","-","2015-09-14 12:13:10","GMT+0200","GET","/access.log",200,16495,"http://www.veterina.jemnice.cz/","Mozilla/5.0 (Macintosh; Intel Mac OS X 10_7_5) AppleWebKit/536.30.1 (KHTML, like Gecko) Version/6.0.5 Safari/536.30.1"
"192.99.8.168","-","2015-09-14 12:13:11","GMT+0200","GET","/administrator/",200,6324,"http://www.veterina.jemnice.cz/","Mozilla/5.0 (Macintosh; Intel Mac OS X 10_7_5) AppleWebKit/536.30.1 (KHTML, like Gecko) Version/6.0.5 Safari/536.30.1"
"31.184.238.128","-","2015-09-14 12:23:47","GMT+0200","GET","/access.log",200,16972,"http://avanafil-50mg-buy-safely.tumblr.com","Mozilla/5.0 (Windows NT 6.3; WOW64) AppleWebKit/537.36 (KHTML, like Gecko) Chrome/32.0.1700.102 Safari/537.36"
"66.249.75.217","-","2015-09-14 12:27:30","GMT+0200","GET","/index.php",200,11064,"-","Mozilla/5.0 (compatible; Googlebot/2.1; +http://www.google.com/bot.html)"
"31.184.238.128","-","2015-09-14 12:35:05","GMT+0200","GET","/access.log",200,17376,"http://gravatar.com/tradlisirahowthe","Mozilla/5.0 (Windows NT 6.1; WOW64) AppleWebKit/537.36 (KHTML, like Gecko) Chrome/33.0.1750.117 Safari/537.36"
"216.244.81.34","-","2015-09-14 12:40:56","GMT+0200","GET","/access.log",200,17612,"http://www.veterina.jemnice.cz/","Mozilla/5.0 (Windows NT 6.3; WOW64; rv:35.0) Gecko/20100101 Firefox/35.0"
"216.244.81.34","-","2015-09-14 12:40:57","GMT+0200","GET","/administrator/",200,6324,"http://www.veterina.jemnice.cz/access.log","Mozilla/5.0 (Windows NT 6.3; WOW64; rv:35.0) Gecko/20100101 Firefox/35.0"
"31.184.238.128","-","2015-09-14 12:46:31","GMT+0200","GET","/access.log",200,18011,"http://gravatar.com/buyfrumil5mg","Mozilla/5.0 (Windows NT 6.1; WOW64) AppleWebKit/537.36 (KHTML, like Gecko) Chrome/32.0.1700.107 Safari/537.36 OPR/19.0.1326.63"
"31.184.238.128","-","2015-09-14 12:57:52","GMT+0200","GET","/access.log",200,18260,"http://gravatar.com/gkllevothroid","Opera/9.80 (Windows NT 6.1; Win64; x64) Presto/2.12.388 Version/12.16"
"192.187.100.154","-","2015-09-14 13:03:07","GMT+0200","GET","/access.log",200,18453,"http://www.veterina.jemnice.cz/","Mozilla/5.0 (Windows NT 6.1; Win64; x64) AppleWebKit/537.36 (KHTML, like Gecko) Chrome/40.0.2214.85 Safari/537.36"
"120.194.10.149","-","2015-09-14 13:04:04","GMT+0200","GET","/access.log",200,18689,"http://www.veterina.jemnice.cz/","Mozilla/5.0 (Windows NT 6.1; Win64; x64) AppleWebKit/537.36 (KHTML, like Gecko) Chrome/40.0.2214.85 Safari/537.36"
"5.45.64.205","-","2015-09-14 13:06:35","GMT+0200","GET","/administrator/",200,6324,"-","Mozilla/5.0 (Windows NT 6.2; WOW64) AppleWebKit/535.11 (KHTML, like Gecko) Chrome/17.0.963.65 Safari/535.11"
"5.45.64.205","-","2015-09-14 13:06:35","GMT+0200","POST","/administrator/index.php",303,0,"http://www.veterina.jemnice.cz/administrator/","Mozilla/5.0 (Windows NT 6.2; WOW64) AppleWebKit/535.11 (KHTML, like Gecko) Chrome/17.0.963.65 Safari/535.11"
"5.45.64.205","-","2015-09-14 13:06:36","GMT+0200","GET","/administrator/index.php",200,6598,"http://www.veterina.jemnice.cz/administrator/","Mozilla/5.0 (Windows NT 6.2; WOW64) AppleWebKit/535.11 (KHTML, like Gecko) Chrome/17.0.963.65 Safari/535.11"
"180.76.15.11","-","2015-09-14 13:07:01","GMT+0200","GET","/",200,11130,"-","Mozilla/5.0 (compatible; Baiduspider/2.0; +http://www.baidu.com/search/spider.html)"
"31.184.238.128","-","2015-09-14 13:09:06","GMT+0200","GET","/access.log",200,19788,"http://p6levonorgestrel.forumcircle.com","Mozilla/5.0 (Windows NT 6.3; WOW64) AppleWebKit/537.36 (KHTML, like Gecko) Chrome/33.0.1750.117 Safari/537.36"
"93.118.78.99","-","2015-09-14 13:16:52","GMT+0200","GET","/access.log",200,20027,"http://www.veterina.jemnice.cz/","Mozilla/5.0 (Windows NT 6.3; WOW64; rv:35.0) Gecko/20100101 Firefox/35.0"
"31.184.238.128","-","2015-09-14 13:20:03","GMT+0200","GET","/access.log",200,20219,"http://atroventr3k.forumcircle.com","Mozilla/5.0 (Windows NT 6.1; WOW64) AppleWebKit/537.36 (KHTML, like Gecko) Chrome/32.0.1700.76 Safari/537.36"
"31.184.238.128","-","2015-09-14 13:30:55","GMT+0200","GET","/access.log",200,20452,"http://k5flutamide.aircus.com","Mozilla/5.0 (Windows NT 6.2; WOW64) AppleWebKit/537.36 (KHTML, like Gecko) Chrome/32.0.1700.107 Safari/537.36"
"31.184.238.128","-","2015-09-14 13:41:32","GMT+0200","GET","/access.log",200,20681,"http://www.theknot.com/wedding/oxcarbazepine-sale","Mozilla/5.0 (Windows NT 6.2; WOW64; rv:27.0) Gecko/20100101 Firefox/27.0"
"66.249.75.225","-","2015-09-14 13:43:16","GMT+0200","GET","/",200,11130,"-","SAMSUNG-SGH-E250/1.0 Profile/MIDP-2.0 Configuration/CLDC-1.1 UP.Browser/6.2.3.3.c.1.101 (GUI) MMP/2.0 (compatible; Googlebot-Mobile/2.1; +http://www.google.com/bot.html)"
"61.136.247.238","-","2015-09-14 13:48:29","GMT+0200","GET","/access.log",200,21143,"http://www.veterina.jemnice.cz/","Mozilla/5.0 (Windows NT 6.1; Win64; x64) AppleWebKit/537.36 (KHTML, like Gecko) Chrome/40.0.2214.85 Safari/537.36"
"109.2.197.106","-","2015-09-14 13:48:29","GMT+0200","GET","/access.log",200,21378,"http://www.veterina.jemnice.cz/","Mozilla/5.0 (Windows NT 6.1; Win64; x64) AppleWebKit/537.36 (KHTML, like Gecko) Chrome/40.0.2214.85 Safari/537.36"
"31.184.238.128","-","2015-09-14 13:52:25","GMT+0200","GET","/access.log",200,21612,"http://gravatar.com/riadisreracarra","Mozilla/5.0 (Windows NT 6.0) AppleWebKit/537.36 (KHTML, like Gecko) Chrome/32.0.1700.107 Safari/537.36"
"31.184.238.128","-","2015-09-14 14:03:14","GMT+0200","GET","/access.log",200,21840,"http://gravatar.com/w6xzestoretic","Mozilla/5.0 (Windows NT 6.1) AppleWebKit/537.36 (KHTML, like Gecko) Chrome/32.0.1700.107 Safari/537.36"
"158.222.9.202","-","2015-09-14 14:10:23","GMT+0200","GET","/access.log",200,22066,"http://www.veterina.jemnice.cz/","Mozilla/5.0 (Windows NT 6.1; Win64; x64) AppleWebKit/537.36 (KHTML, like Gecko) Chrome/40.0.2214.85 Safari/537.36"
"31.184.238.128","-","2015-09-14 14:13:58","GMT+0200","GET","/access.log",200,22300,"http://www.theknot.com/wedding/persantine-buying","Mozilla/5.0 (Windows NT 5.1) AppleWebKit/537.36 (KHTML, like Gecko) Chrome/32.0.1700.102 Safari/537.36"
"89.34.167.248","-","2015-09-14 14:21:10","GMT+0200","GET","/access.log",200,22541,"http://www.veterina.jemnice.cz/","Mozilla/5.0 (Windows NT 6.3; WOW64; rv:35.0) Gecko/20100101 Firefox/35.0"
"31.184.238.128","-","2015-09-14 14:25:22","GMT+0200","GET","/access.log",200,22734,"http://cephalexin-250mg-buy-online.tumblr.com","Mozilla/5.0 (Windows NT 6.3; WOW64) AppleWebKit/537.36 (KHTML, like Gecko) Chrome/32.0.1700.102 Safari/537.36"
"31.184.238.128","-","2015-09-14 14:37:40","GMT+0200","GET","/access.log",200,22979,"http://norgestrel-buy-cheap.over-blog.com","Mozilla/5.0 (Windows NT 6.1; WOW64) AppleWebKit/537.36 (KHTML, like Gecko) Chrome/32.0.1700.107 Safari/537.36"
"46.252.228.126","-","2015-09-14 14:43:38","GMT+0200","GET","/",200,11130,"http://search.seznam.cz/?q=tres+vet+jemnice&sourceid=szn-HP","Mozilla/5.0 (Windows NT 6.1; WOW64; rv:40.0) Gecko/20100101 Firefox/40.0"
"46.252.228.126","-","2015-09-14 14:43:39","GMT+0200","GET","/modules/mod_favslider/theme/favslider.css",200,5977,"http://www.veterina.jemnice.cz/","Mozilla/5.0 (Windows NT 6.1; WOW64; rv:40.0) Gecko/20100101 Firefox/40.0"
"46.252.228.126","-","2015-09-14 14:43:39","GMT+0200","GET","/media/system/js/caption.js",200,491,"http://www.veterina.jemnice.cz/","Mozilla/5.0 (Windows NT 6.1; WOW64; rv:40.0) Gecko/20100101 Firefox/40.0"
"46.252.228.126","-","2015-09-14 14:43:39","GMT+0200","GET","/media/jui/js/jquery-migrate.min.js",200,7199,"http://www.veterina.jemnice.cz/","Mozilla/5.0 (Windows NT 6.1; WOW64; rv:40.0) Gecko/20100101 Firefox/40.0"
"46.252.228.126","-","2015-09-14 14:43:39","GMT+0200","GET","/media/jui/js/jquery-noconflict.js",200,21,"http://www.veterina.jemnice.cz/","Mozilla/5.0 (Windows NT 6.1; WOW64; rv:40.0) Gecko/20100101 Firefox/40.0"
"46.252.228.126","-","2015-09-14 14:43:39","GMT+0200","GET","/modules/mod_favslider/js/jquery.flexslider.js",200,16560,"http://www.veterina.jemnice.cz/","Mozilla/5.0 (Windows NT 6.1; WOW64; rv:40.0) Gecko/20100101 Firefox/40.0"
"46.252.228.126","-","2015-09-14 14:43:39","GMT+0200","GET","/modules/mod_favslider/js/jquery.mousewheel.js",200,2400,"http://www.veterina.jemnice.cz/","Mozilla/5.0 (Windows NT 6.1; WOW64; rv:40.0) Gecko/20100101 Firefox/40.0"
"46.252.228.126","-","2015-09-14 14:43:39","GMT+0200","GET","/templates/rt_afterburner/css/light4.css",200,4697,"http://www.veterina.jemnice.cz/","Mozilla/5.0 (Windows NT 6.1; WOW64; rv:40.0) Gecko/20100101 Firefox/40.0"
"46.252.228.126","-","2015-09-14 14:43:39","GMT+0200","GET","/templates/rt_afterburner/css/template.css",200,22974,"http://www.veterina.jemnice.cz/","Mozilla/5.0 (Windows NT 6.1; WOW64; rv:40.0) Gecko/20100101 Firefox/40.0"
"46.252.228.126","-","2015-09-14 14:43:39","GMT+0200","GET","/media/jui/js/jquery.min.js",200,95930,"http://www.veterina.jemnice.cz/","Mozilla/5.0 (Windows NT 6.1; WOW64; rv:40.0) Gecko/20100101 Firefox/40.0"
"46.252.228.126","-","2015-09-14 14:43:40","GMT+0200","GET","/media/system/images/printButton.png",200,228,"http://www.veterina.jemnice.cz/","Mozilla/5.0 (Windows NT 6.1; WOW64; rv:40.0) Gecko/20100101 Firefox/40.0"
"46.252.228.126","-","2015-09-14 14:43:40","GMT+0200","GET","/media/system/images/emailButton.png",200,277,"http://www.veterina.jemnice.cz/","Mozilla/5.0 (Windows NT 6.1; WOW64; rv:40.0) Gecko/20100101 Firefox/40.0"
"46.252.228.126","-","2015-09-14 14:43:40","GMT+0200","GET","/templates/rt_afterburner/images/light4.png",200,10314,"http://www.veterina.jemnice.cz/templates/rt_afterburner/css/light4.css","Mozilla/5.0 (Windows NT 6.1; WOW64; rv:40.0) Gecko/20100101 Firefox/40.0"
"46.252.228.126","-","2015-09-14 14:43:40","GMT+0200","GET","/templates/rt_afterburner/images/veterina_topwww.jpg",200,12042,"http://www.veterina.jemnice.cz/templates/rt_afterburner/css/template.css","Mozilla/5.0 (Windows NT 6.1; WOW64; rv:40.0) Gecko/20100101 Firefox/40.0"
"46.252.228.126","-","2015-09-14 14:43:40","GMT+0200","GET","/templates/rt_afterburner/images/veterina_background.jpg",200,14765,"http://www.veterina.jemnice.cz/templates/rt_afterburner/css/template.css","Mozilla/5.0 (Windows NT 6.1; WOW64; rv:40.0) Gecko/20100101 Firefox/40.0"
"46.252.228.126","-","2015-09-14 14:43:40","GMT+0200","GET","/templates/rt_afterburner/images/veterina_tlapka1.gif",200,1347,"http://www.veterina.jemnice.cz/templates/rt_afterburner/css/template.css","Mozilla/5.0 (Windows NT 6.1; WOW64; rv:40.0) Gecko/20100101 Firefox/40.0"
"46.252.228.126","-","2015-09-14 14:43:40","GMT+0200","GET","/templates/rt_afterburner/images/veterina_back_menu_top.jpg",200,1209,"http://www.veterina.jemnice.cz/templates/rt_afterburner/css/template.css","Mozilla/5.0 (Windows NT 6.1; WOW64; rv:40.0) Gecko/20100101 Firefox/40.0"
"46.252.228.126","-","2015-09-14 14:43:40","GMT+0200","GET","/templates/rt_afterburner/images/veterina_banner1.jpg",200,78001,"http://www.veterina.jemnice.cz/","Mozilla/5.0 (Windows NT 6.1; WOW64; rv:40.0) Gecko/20100101 Firefox/40.0"
"46.252.228.126","-","2015-09-14 14:43:41","GMT+0200","GET","/favicon.ico",404,320,"-","Mozilla/5.0 (Windows NT 6.1; WOW64; rv:40.0) Gecko/20100101 Firefox/40.0"
"46.252.228.126","-","2015-09-14 14:43:41","GMT+0200","GET","/favicon.ico",404,320,"-","Mozilla/5.0 (Windows NT 6.1; WOW64; rv:40.0) Gecko/20100101 Firefox/40.0"
"46.252.228.126","-","2015-09-14 14:43:42","GMT+0200","GET","/templates/rt_afterburner/images/veterina_tlapka.gif",200,1351,"http://www.veterina.jemnice.cz/templates/rt_afterburner/css/template.css","Mozilla/5.0 (Windows NT 6.1; WOW64; rv:40.0) Gecko/20100101 Firefox/40.0"
"188.126.90.88","-","2015-09-14 14:46:08","GMT+0200","GET","/Scripts/gwxZpljhbRbJpFE6A",404,334,"-","Mozilla/5.0 (Windows NT 6.1; WOW64) AppleWebKit/537.36 (KHTML, like Gecko) Chrome/40.0.2214.111 Safari/537.36"
"188.126.90.88","-","2015-09-14 14:46:55","GMT+0200","GET","/Scripts/gwxZp66ljhbRbJpFE6A",404,336,"-","Mozilla/5.0 (Windows NT 6.1; WOW64) AppleWebKit/537.36 (KHTML, like Gecko) Chrome/40.0.2214.111 Safari/537.36"
"188.126.90.88","-","2015-09-14 14:47:32","GMT+0200","GET","/access.log",200,28487,"-","Mozilla/5.0 (Windows NT 6.1; WOW64) AppleWebKit/537.36 (KHTML, like Gecko) Chrome/40.0.2214.111 Safari/537.36"
"188.126.90.88","-","2015-09-14 14:48:14","GMT+0200","GET","/Scripts/gwxZp66ljhbRbJpFE6A",404,336,"-","Mozilla/5.0 (Windows NT 6.1; WOW64) AppleWebKit/537.36 (KHTML, like Gecko) Chrome/40.0.2214.111 Safari/537.36"
"31.184.238.128","-","2015-09-14 14:48:57","GMT+0200","GET","/access.log",200,28902,"http://orderfenofibrateonlinesale.page.tl","Mozilla/5.0 (Windows NT 6.1; WOW64) AppleWebKit/537.36 (KHTML, like Gecko) Chrome/31.0.1650.63 Safari/537.36 OPR/18.0.1284.68"
"188.126.90.88","-","2015-09-14 14:50:53","GMT+0200","GET","/access.log",200,29159,"-","Mozilla/5.0 (Windows NT 6.1; WOW64) AppleWebKit/537.36 (KHTML, like Gecko) Chrome/40.0.2214.111 Safari/537.36"
"31.184.238.128","-","2015-09-14 14:59:54","GMT+0200","GET","/access.log",200,29359,"http://gravatar.com/olmesartan20mg28n","Mozilla/5.0 (Windows NT 6.3; WOW64) AppleWebKit/537.36 (KHTML, like Gecko) Chrome/32.0.1700.102 Safari/537.36"
"31.184.238.128","-","2015-09-14 15:11:00","GMT+0200","GET","/access.log",200,29596,"http://www.theknot.com/wedding/triamcinolone-and-prices","Mozilla/5.0 (Windows NT 6.1; WOW64) AppleWebKit/537.36 (KHTML, like Gecko) Chrome/33.0.1750.117 Safari/537.36"
"207.46.13.53","-","2015-09-14 15:21:11","GMT+0200","GET","/robots.txt",404,319,"-","Mozilla/5.0 (compatible; bingbot/2.0; +http://www.bing.com/bingbot.htm)"
"207.46.13.53","-","2015-09-14 15:21:21","GMT+0200","GET","/index.php/o-nas/3-mvdr-magdalena-hlavsova",200,22311,"-","Mozilla/5.0 (compatible; bingbot/2.0; +http://www.bing.com/bingbot.htm)"
"207.46.13.53","-","2015-09-14 15:21:38","GMT+0200","GET","/index.php/nasi-pacienti?limitstart=0",200,12587,"-","Mozilla/5.0 (compatible; bingbot/2.0; +http://www.bing.com/bingbot.htm)"
"207.46.13.53","-","2015-09-14 15:21:39","GMT+0200","GET","/index.php/nasi-pacienti/7-oliver-zaniceny-zub",200,9817,"-","Mozilla/5.0 (compatible; bingbot/2.0; +http://www.bing.com/bingbot.htm)"
"207.46.13.53","-","2015-09-14 15:21:40","GMT+0200","GET","/index.php/o-nas/5-mvdr-lubos-hlavsa",200,14576,"-","Mozilla/5.0 (compatible; bingbot/2.0; +http://www.bing.com/bingbot.htm)"
"157.55.39.248","-","2015-09-14 15:21:55","GMT+0200","GET","/index.php/nasi-pacienti/10-masa-urolitiaza",200,10215,"-","Mozilla/5.0 (compatible; bingbot/2.0; +http://www.bing.com/bingbot.htm)"
"157.55.39.248","-","2015-09-14 15:21:56","GMT+0200","GET","/index.php/nasi-pacienti",200,12587,"-","Mozilla/5.0 (compatible; bingbot/2.0; +http://www.bing.com/bingbot.htm)"
"31.184.238.128","-","2015-09-14 15:22:01","GMT+0200","GET","/access.log",200,31139,"http://www.theknot.com/wedding/mebeverine-purchase-17","Opera/9.80 (Windows NT 6.1; Win64; x64) Presto/2.12.388 Version/12.16"
"94.182.214.162","-","2015-09-14 15:29:39","GMT+0200","GET","/access.log",200,31352,"http://www.veterina.jemnice.cz/","Mozilla/5.0 (Windows NT 6.3; WOW64; rv:35.0) Gecko/20100101 Firefox/35.0"
"31.184.238.128","-","2015-09-14 15:32:59","GMT+0200","GET","/access.log",200,31546,"http://www.theknot.com/wedding/quetiapine-and-shipping","Mozilla/5.0 (Windows NT 6.3; WOW64) AppleWebKit/537.36 (KHTML, like Gecko) Chrome/32.0.1700.76 Safari/537.36"
"66.249.75.217","-","2015-09-14 15:36:48","GMT+0200","GET","/index.php",200,11064,"-","Mozilla/5.0 (compatible; Googlebot/2.1; +http://www.google.com/bot.html)"
"31.184.238.128","-","2015-09-14 15:44:12","GMT+0200","GET","/access.log",200,31961,"http://buy-rosuvastatin-20mg-online.aircus.com","Mozilla/5.0 (Windows NT 6.1; WOW64) AppleWebKit/537.36 (KHTML, like Gecko) Chrome/30.0.1599.13014 YaBrowser/13.12.1599.13014 Safari/537.36"
"5.45.64.205","-","2015-09-14 15:49:18","GMT+0200","GET","/administrator/",200,6324,"-","Mozilla/5.0 (Macintosh; Intel Mac OS X 10_5_8) AppleWebKit/534.24 (KHTML, like Gecko) Chrome/11.0.696.68 Safari/534.24"
"5.45.64.205","-","2015-09-14 15:49:18","GMT+0200","POST","/administrator/index.php",303,0,"http://www.veterina.jemnice.cz/administrator/","Mozilla/5.0 (Macintosh; Intel Mac OS X 10_5_8) AppleWebKit/534.24 (KHTML, like Gecko) Chrome/11.0.696.68 Safari/534.24"
"5.45.64.205","-","2015-09-14 15:49:19","GMT+0200","GET","/administrator/index.php",200,6598,"http://www.veterina.jemnice.cz/administrator/","Mozilla/5.0 (Macintosh; Intel Mac OS X 10_5_8) AppleWebKit/534.24 (KHTML, like Gecko) Chrome/11.0.696.68 Safari/534.24"
"31.184.238.128","-","2015-09-14 15:55:19","GMT+0200","GET","/access.log",200,32970,"http://www.theknot.com/wedding/shipping-and-starlix","Mozilla/5.0 (Windows NT 6.1; WOW64) AppleWebKit/537.36 (KHTML, like Gecko) Chrome/31.0.1650.63 Safari/537.36 OPR/18.0.1284.68"
"66.249.75.217","-","2015-09-14 15:55:26","GMT+0200","GET","/",200,11130,"-","Mozilla/5.0 (compatible; Googlebot/2.1; +http://www.google.com/bot.html)"
"31.184.238.128","-","2015-09-14 16:06:53","GMT+0200","GET","/access.log",200,33390,"http://avanafil-buy.tumblr.com","Opera/9.80 (Windows NT 6.1; WOW64) Presto/2.12.388 Version/12.16"
"31.184.238.128","-","2015-09-14 16:18:23","GMT+0200","GET","/access.log",200,33575,"http://order-furazolidone-online.over-blog.com","Mozilla/5.0 (Windows NT 6.2; WOW64) AppleWebKit/537.36 (KHTML, like Gecko) Chrome/32.0.1700.107 Safari/537.36"
"199.71.213.15","-","2015-09-14 16:26:16","GMT+0200","GET","/access.log",200,33821,"http://www.veterina.jemnice.cz/","Mozilla/5.0 (Windows NT 6.3; WOW64; Trident/7.0; rv:11.0) like Gecko"
"165.231.1.108","-","2015-09-14 16:27:08","GMT+0200","GET","/access.log",200,34010,"http://www.veterina.jemnice.cz/","Mozilla/5.0 (Windows NT 6.3; WOW64; rv:35.0) Gecko/20100101 Firefox/35.0"
"31.184.238.128","-","2015-09-14 16:29:56","GMT+0200","GET","/access.log",200,34203,"http://gravatar.com/buyestrace1mgswitzerland","Mozilla/5.0 (Windows NT 6.1) AppleWebKit/537.36 (KHTML, like Gecko) Chrome/32.0.1700.76 Safari/537.36"
"31.184.238.128","-","2015-09-14 16:41:13","GMT+0200","GET","/access.log",200,34439,"http://buyflutamide250mgonline2014.aircus.com","Mozilla/5.0 (Windows NT 5.1) AppleWebKit/537.36 (KHTML, like Gecko) Chrome/32.0.1700.107 Safari/537.36"
"89.35.105.49","-","2015-09-14 16:42:13","GMT+0200","GET","/access.log",200,34677,"http://www.veterina.jemnice.cz/","Mozilla/5.0 (Windows NT 6.1; Win64; x64) AppleWebKit/537.36 (KHTML, like Gecko) Chrome/40.0.2214.85 Safari/537.36"
"31.184.238.128","-","2015-09-14 16:52:33","GMT+0200","GET","/access.log",200,34910,"http://buylovastatin20mg247.forumcircle.com","Mozilla/5.0 (Windows NT 6.1; WOW64) AppleWebKit/537.36 (KHTML, like Gecko) Chrome/32.0.1700.107 Safari/537.36 OPR/19.0.1326.63"
"211.23.12.100","-","2015-09-14 16:58:37","GMT+0200","GET","/access.log",200,35170,"http://www.veterina.jemnice.cz/","Mozilla/5.0 (Windows NT 6.1; Win64; x64) AppleWebKit/537.36 (KHTML, like Gecko) Chrome/40.0.2214.85 Safari/537.36"
"31.184.238.128","-","2015-09-14 17:03:53","GMT+0200","GET","/access.log",200,35404,"http://gravatar.com/peperbtuledoorcont","Mozilla/5.0 (Windows NT 6.1; rv:26.0) Gecko/20100101 Firefox/26.0"
"70.39.189.6","-","2015-09-14 17:14:43","GMT+0200","GET","/access.log",200,35598,"http://www.veterina.jemnice.cz/","Mozilla/5.0 (Windows NT 6.1; Win64; x64) AppleWebKit/537.36 (KHTML, like Gecko) Chrome/40.0.2214.85 Safari/537.36"
"31.184.238.128","-","2015-09-14 17:15:09","GMT+0200","GET","/access.log",200,35830,"http://www.theknot.com/wedding/without-and-erythromycin","Mozilla/5.0 (Windows NT 6.1; WOW64; rv:27.0) Gecko/20100101 Firefox/27.0"
"31.184.238.128","-","2015-09-14 17:26:28","GMT+0200","GET","/access.log",200,36048,"http://5bchloromycetin500mg.forumcircle.com","Mozilla/5.0 (Windows NT 6.2; WOW64) AppleWebKit/537.36 (KHTML, like Gecko) Chrome/32.0.1700.76 Safari/537.36"
"31.184.238.128","-","2015-09-14 17:37:51","GMT+0200","GET","/access.log",200,36290,"http://gravatar.com/depakote125mgqug","Opera/9.80 (Windows NT 6.1) Presto/2.12.388 Version/12.16"
"31.184.238.128","-","2015-09-14 17:49:22","GMT+0200","GET","/access.log",200,36474,"http://buyfluconazolenorx.page.tl","Mozilla/5.0 (Windows NT 6.2; WOW64) AppleWebKit/537.36 (KHTML, like Gecko) Chrome/32.0.1700.107 Safari/537.36"
"31.184.238.128","-","2015-09-14 18:00:48","GMT+0200","GET","/access.log",200,36707,"http://gravatar.com/akifaljipobo","Mozilla/5.0 (Windows NT 6.1; WOW64) AppleWebKit/537.36 (KHTML, like Gecko) Chrome/33.0.1750.117 Safari/537.36"
"31.184.238.128","-","2015-09-14 18:12:07","GMT+0200","GET","/access.log",200,36939,"http://buy-atomoxetine-10mg.aircus.com","Mozilla/5.0 (Windows NT 5.1) AppleWebKit/537.36 (KHTML, like Gecko) Chrome/32.0.1700.107 Safari/537.36"
"31.184.238.128","-","2015-09-14 18:23:15","GMT+0200","GET","/access.log",200,37170,"http://carbidopalevodopata.aircus.com","Mozilla/5.0 (Windows NT 6.1; WOW64; rv:27.0) Gecko/20100101 Firefox/27.0"
"66.249.75.225","-","2015-09-14 18:24:24","GMT+0200","GET","/",200,11130,"-","Mozilla/5.0 (compatible; Googlebot/2.1; +http://www.google.com/bot.html)"
"157.55.39.208","-","2015-09-14 18:30:49","GMT+0200","GET","/index.php/nasi-pacienti",200,12587,"-","Mozilla/5.0 (compatible; bingbot/2.0; +http://www.bing.com/bingbot.htm)"
"180.76.15.18","-","2015-09-14 18:31:25","GMT+0200","GET","/templates/rt_afterburner/css/template.css",200,22974,"-","Mozilla/5.0 (compatible; Baiduspider/2.0; +http://www.baidu.com/search/spider.html)"
"118.193.83.75","-","2015-09-14 18:32:53","GMT+0200","GET","/access.log",200,37902,"http://www.veterina.jemnice.cz/","Mozilla/5.0 (Windows NT 6.1; Win64; x64) AppleWebKit/537.36 (KHTML, like Gecko) Chrome/40.0.2214.85 Safari/537.36"
"118.193.83.75","-","2015-09-14 18:33:48","GMT+0200","GET","/access.log",200,38136,"http://www.veterina.jemnice.cz/","Mozilla/5.0 (Windows NT 6.1; Win64; x64) AppleWebKit/537.36 (KHTML, like Gecko) Chrome/40.0.2214.85 Safari/537.36"
"31.184.238.128","-","2015-09-14 18:34:40","GMT+0200","GET","/access.log",200,38370,"http://www.theknot.com/wedding/parlodel-and-prices","Opera/9.80 (Windows NT 5.1) Presto/2.12.388 Version/12.16"
"5.45.64.205","-","2015-09-14 18:34:51","GMT+0200","GET","/administrator/",200,6324,"-","Mozilla/5.0 (Windows NT 5.2; WOW64) AppleWebKit/535.7 (KHTML, like Gecko) Chrome/16.0.912.63 Safari/535.7"
"5.45.64.205","-","2015-09-14 18:34:51","GMT+0200","POST","/administrator/index.php",303,0,"http://www.veterina.jemnice.cz/administrator/","Mozilla/5.0 (Windows NT 5.2; WOW64) AppleWebKit/535.7 (KHTML, like Gecko) Chrome/16.0.912.63 Safari/535.7"
"5.45.64.205","-","2015-09-14 18:34:52","GMT+0200","GET","/administrator/index.php",200,6598,"http://www.veterina.jemnice.cz/administrator/","Mozilla/5.0 (Windows NT 5.2; WOW64) AppleWebKit/535.7 (KHTML, like Gecko) Chrome/16.0.912.63 Safari/535.7"
"124.206.54.251","-","2015-09-14 18:41:24","GMT+0200","GET","/access.log",200,39263,"http://www.veterina.jemnice.cz/","Mozilla/5.0 (Windows NT 6.3; WOW64; rv:35.0) Gecko/20100101 Firefox/35.0"
"31.184.238.128","-","2015-09-14 18:46:09","GMT+0200","GET","/access.log",200,39457,"http://clindamycin300mgql.aircus.com","Mozilla/5.0 (Windows NT 6.2; WOW64; rv:27.0) Gecko/20100101 Firefox/27.0"
"66.249.75.225","-","2015-09-14 18:55:26","GMT+0200","GET","/index.php",200,11064,"-","Mozilla/5.0 (compatible; Googlebot/2.1; +http://www.google.com/bot.html)"
"213.192.26.250","-","2015-09-14 18:56:25","GMT+0200","GET","/",200,11130,"https://www.google.cz/","Mozilla/5.0 (Windows NT 6.1) AppleWebKit/537.36 (KHTML, like Gecko) Chrome/45.0.2454.85 Safari/537.36"
"213.192.26.250","-","2015-09-14 18:56:25","GMT+0200","GET","/media/jui/js/jquery-noconflict.js",200,21,"http://www.veterina.jemnice.cz/","Mozilla/5.0 (Windows NT 6.1) AppleWebKit/537.36 (KHTML, like Gecko) Chrome/45.0.2454.85 Safari/537.36"
"213.192.26.250","-","2015-09-14 18:56:25","GMT+0200","GET","/modules/mod_favslider/theme/favslider.css",200,5977,"http://www.veterina.jemnice.cz/","Mozilla/5.0 (Windows NT 6.1) AppleWebKit/537.36 (KHTML, like Gecko) Chrome/45.0.2454.85 Safari/537.36"
"213.192.26.250","-","2015-09-14 18:56:25","GMT+0200","GET","/media/jui/js/jquery-migrate.min.js",200,7199,"http://www.veterina.jemnice.cz/","Mozilla/5.0 (Windows NT 6.1) AppleWebKit/537.36 (KHTML, like Gecko) Chrome/45.0.2454.85 Safari/537.36"
"213.192.26.250","-","2015-09-14 18:56:25","GMT+0200","GET","/modules/mod_favslider/js/jquery.flexslider.js",200,16560,"http://www.veterina.jemnice.cz/","Mozilla/5.0 (Windows NT 6.1) AppleWebKit/537.36 (KHTML, like Gecko) Chrome/45.0.2454.85 Safari/537.36"
"213.192.26.250","-","2015-09-14 18:56:25","GMT+0200","GET","/media/system/js/caption.js",200,491,"http://www.veterina.jemnice.cz/","Mozilla/5.0 (Windows NT 6.1) AppleWebKit/537.36 (KHTML, like Gecko) Chrome/45.0.2454.85 Safari/537.36"
"213.192.26.250","-","2015-09-14 18:56:25","GMT+0200","GET","/modules/mod_favslider/js/jquery.mousewheel.js",200,2400,"http://www.veterina.jemnice.cz/","Mozilla/5.0 (Windows NT 6.1) AppleWebKit/537.36 (KHTML, like Gecko) Chrome/45.0.2454.85 Safari/537.36"
"213.192.26.250","-","2015-09-14 18:56:25","GMT+0200","GET","/templates/rt_afterburner/css/light4.css",200,4697,"http://www.veterina.jemnice.cz/","Mozilla/5.0 (Windows NT 6.1) AppleWebKit/537.36 (KHTML, like Gecko) Chrome/45.0.2454.85 Safari/537.36"
"213.192.26.250","-","2015-09-14 18:56:25","GMT+0200","GET","/templates/rt_afterburner/css/template.css",200,22974,"http://www.veterina.jemnice.cz/","Mozilla/5.0 (Windows NT 6.1) AppleWebKit/537.36 (KHTML, like Gecko) Chrome/45.0.2454.85 Safari/537.36"
"213.192.26.250","-","2015-09-14 18:56:25","GMT+0200","GET","/media/system/images/printButton.png",200,228,"http://www.veterina.jemnice.cz/","Mozilla/5.0 (Windows NT 6.1) AppleWebKit/537.36 (KHTML, like Gecko) Chrome/45.0.2454.85 Safari/537.36"
"213.192.26.250","-","2015-09-14 18:56:25","GMT+0200","GET","/media/system/images/emailButton.png",200,277,"http://www.veterina.jemnice.cz/","Mozilla/5.0 (Windows NT 6.1) AppleWebKit/537.36 (KHTML, like Gecko) Chrome/45.0.2454.85 Safari/537.36"
"213.192.26.250","-","2015-09-14 18:56:25","GMT+0200","GET","/media/jui/js/jquery.min.js",200,95930,"http://www.veterina.jemnice.cz/","Mozilla/5.0 (Windows NT 6.1) AppleWebKit/537.36 (KHTML, like Gecko) Chrome/45.0.2454.85 Safari/537.36"
"213.192.26.250","-","2015-09-14 18:56:25","GMT+0200","GET","/templates/rt_afterburner/images/veterina_banner1.jpg",200,78001,"http://www.veterina.jemnice.cz/","Mozilla/5.0 (Windows NT 6.1) AppleWebKit/537.36 (KHTML, like Gecko) Chrome/45.0.2454.85 Safari/537.36"
"213.192.26.250","-","2015-09-14 18:56:26","GMT+0200","GET","/templates/rt_afterburner/images/veterina_topwww.jpg",200,12042,"http://www.veterina.jemnice.cz/templates/rt_afterburner/css/template.css","Mozilla/5.0 (Windows NT 6.1) AppleWebKit/537.36 (KHTML, like Gecko) Chrome/45.0.2454.85 Safari/537.36"
"213.192.26.250","-","2015-09-14 18:56:26","GMT+0200","GET","/templates/rt_afterburner/images/light4.png",200,10314,"http://www.veterina.jemnice.cz/templates/rt_afterburner/css/light4.css","Mozilla/5.0 (Windows NT 6.1) AppleWebKit/537.36 (KHTML, like Gecko) Chrome/45.0.2454.85 Safari/537.36"
"213.192.26.250","-","2015-09-14 18:56:26","GMT+0200","GET","/templates/rt_afterburner/images/veterina_background.jpg",200,14765,"http://www.veterina.jemnice.cz/templates/rt_afterburner/css/template.css","Mozilla/5.0 (Windows NT 6.1) AppleWebKit/537.36 (KHTML, like Gecko) Chrome/45.0.2454.85 Safari/537.36"
"213.192.26.250","-","2015-09-14 18:56:26","GMT+0200","GET","/templates/rt_afterburner/images/veterina_back_menu_top.jpg",200,1209,"http://www.veterina.jemnice.cz/templates/rt_afterburner/css/template.css","Mozilla/5.0 (Windows NT 6.1) AppleWebKit/537.36 (KHTML, like Gecko) Chrome/45.0.2454.85 Safari/537.36"
"213.192.26.250","-","2015-09-14 18:56:26","GMT+0200","GET","/templates/rt_afterburner/images/veterina_tlapka1.gif",200,1347,"http://www.veterina.jemnice.cz/templates/rt_afterburner/css/template.css","Mozilla/5.0 (Windows NT 6.1) AppleWebKit/537.36 (KHTML, like Gecko) Chrome/45.0.2454.85 Safari/537.36"
"213.192.26.250","-","2015-09-14 18:56:27","GMT+0200","GET","/favicon.ico",404,320,"http://www.veterina.jemnice.cz/","Mozilla/5.0 (Windows NT 6.1) AppleWebKit/537.36 (KHTML, like Gecko) Chrome/45.0.2454.85 Safari/537.36"
"31.184.238.128","-","2015-09-14 18:57:28","GMT+0200","GET","/access.log",200,44763,"http://gravatar.com/maltjetssilinliri","Mozilla/5.0 (Windows NT 6.1; WOW64) AppleWebKit/537.36 (KHTML, like Gecko) Chrome/30.0.1599.13014 YaBrowser/13.12.1599.13014 Safari/537.36"
"213.192.26.250","-","2015-09-14 18:57:37","GMT+0200","GET","/",200,11130,"http://www.firmy.cz/detail/12840134-tresvet-veterinarni-ordinace-jemnice.html","Mozilla/5.0 (Windows NT 6.1) AppleWebKit/537.36 (KHTML, like Gecko) Chrome/45.0.2454.85 Safari/537.36"
"198.23.221.242","-","2015-09-14 18:58:03","GMT+0200","GET","/access.log",200,45288,"http://www.veterina.jemnice.cz/","Mozilla/5.0 (Windows NT 6.1; Win64; x64) AppleWebKit/537.36 (KHTML, like Gecko) Chrome/40.0.2214.85 Safari/537.36"
"198.23.221.242","-","2015-09-14 18:58:04","GMT+0200","GET","/templates/rt_afterburner/css/template.css",200,22974,"http://www.veterina.jemnice.cz/access.log","Mozilla/5.0 (Windows NT 6.1; Win64; x64) AppleWebKit/537.36 (KHTML, like Gecko) Chrome/40.0.2214.85 Safari/537.36"
"5.159.54.29","-","2015-09-14 18:59:03","GMT+0200","GET","/access.log",200,45799,"http://www.veterina.jemnice.cz/","Mozilla/5.0 (Windows NT 6.3; WOW64; rv:35.0) Gecko/20100101 Firefox/35.0"
"213.192.26.250","-","2015-09-14 18:59:06","GMT+0200","GET","/templates/rt_afterburner/images/veterina_tlapka.gif",200,1351,"http://www.veterina.jemnice.cz/templates/rt_afterburner/css/template.css","Mozilla/5.0 (Windows NT 6.1) AppleWebKit/537.36 (KHTML, like Gecko) Chrome/45.0.2454.85 Safari/537.36"
"31.184.238.128","-","2015-09-14 19:08:45","GMT+0200","GET","/access.log",200,46294,"http://onthioridazine.forumcircle.com","Mozilla/5.0 (Windows NT 6.1; WOW64; rv:27.0) Gecko/20100101 Firefox/27.0"
"162.244.14.138","-","2015-09-14 19:12:07","GMT+0200","GET","/access.log",200,46494,"http://www.veterina.jemnice.cz/","Mozilla/5.0 (Windows NT 6.3; WOW64; rv:35.0) Gecko/20100101 Firefox/35.0"
"23.95.196.219","-","2015-09-14 19:13:07","GMT+0200","GET","/access.log",200,46688,"http://www.veterina.jemnice.cz/","Mozilla/5.0 (Windows NT 6.1; Win64; x64) AppleWebKit/537.36 (KHTML, like Gecko) Chrome/40.0.2214.85 Safari/537.36"
"23.95.196.219","-","2015-09-14 19:13:08","GMT+0200","GET","/templates/rt_afterburner/css/template.css",200,22974,"http://www.veterina.jemnice.cz/access.log","Mozilla/5.0 (Windows NT 6.1; Win64; x64) AppleWebKit/537.36 (KHTML, like Gecko) Chrome/40.0.2214.85 Safari/537.36"
"198.23.221.18","-","2015-09-14 19:15:32","GMT+0200","GET","/access.log",200,47197,"http://www.veterina.jemnice.cz/","Mozilla/5.0 (Windows NT 6.1; Win64; x64) AppleWebKit/537.36 (KHTML, like Gecko) Chrome/40.0.2214.85 Safari/537.36"
"198.23.221.18","-","2015-09-14 19:15:33","GMT+0200","GET","/templates/rt_afterburner/css/template.css",200,22974,"http://www.veterina.jemnice.cz/access.log","Mozilla/5.0 (Windows NT 6.1; Win64; x64) AppleWebKit/537.36 (KHTML, like Gecko) Chrome/40.0.2214.85 Safari/537.36"
"31.184.238.128","-","2015-09-14 19:19:30","GMT+0200","GET","/access.log",200,47706,"http://gravatar.com/buyminocinonlineportugal","Opera/9.80 (Windows NT 6.1; WOW64) Presto/2.12.388 Version/12.16"
"31.184.238.128","-","2015-09-14 19:30:30","GMT+0200","GET","/access.log",200,47905,"http://gravatar.com/tiokormoomarlina","Mozilla/5.0 (Windows NT 6.1) AppleWebKit/537.36 (KHTML, like Gecko) Chrome/30.0.1599.12785 YaBrowser/13.12.1599.12785 Safari/537.36"
"192.3.193.70","-","2015-09-14 19:34:52","GMT+0200","GET","/access.log",200,48163,"http://www.veterina.jemnice.cz/","Mozilla/5.0 (Windows NT 6.1; Win64; x64) AppleWebKit/537.36 (KHTML, like Gecko) Chrome/40.0.2214.85 Safari/537.36"
"192.3.193.70","-","2015-09-14 19:34:53","GMT+0200","GET","/templates/rt_afterburner/css/template.css",200,22974,"http://www.veterina.jemnice.cz/access.log","Mozilla/5.0 (Windows NT 6.1; Win64; x64) AppleWebKit/537.36 (KHTML, like Gecko) Chrome/40.0.2214.85 Safari/537.36"
"104.168.52.241","-","2015-09-14 19:37:14","GMT+0200","GET","/access.log",200,48670,"http://www.veterina.jemnice.cz/","Mozilla/5.0 (Windows NT 6.1; Win64; x64) AppleWebKit/537.36 (KHTML, like Gecko) Chrome/40.0.2214.85 Safari/537.36"
"104.168.52.241","-","2015-09-14 19:37:15","GMT+0200","GET","/templates/rt_afterburner/css/template.css",200,22974,"http://www.veterina.jemnice.cz/access.log","Mozilla/5.0 (Windows NT 6.1; Win64; x64) AppleWebKit/537.36 (KHTML, like Gecko) Chrome/40.0.2214.85 Safari/537.36"
"31.184.238.128","-","2015-09-14 19:41:02","GMT+0200","GET","/access.log",200,49181,"http://ipratropiumbromide789.over-blog.com","Mozilla/5.0 (Windows NT 6.1; WOW64) AppleWebKit/537.36 (KHTML, like Gecko) Chrome/32.0.1700.102 Safari/537.36"
"60.250.28.85","-","2015-09-14 19:50:53","GMT+0200","GET","/access.log",200,49423,"http://www.veterina.jemnice.cz/","Mozilla/5.0 (Windows NT 6.3; WOW64; rv:35.0) Gecko/20100101 Firefox/35.0"
"31.184.238.128","-","2015-09-14 19:51:51","GMT+0200","GET","/access.log",200,49615,"http://www.theknot.com/wedding/zantac-and-rx","Mozilla/5.0 (Windows NT 6.3; WOW64) AppleWebKit/537.36 (KHTML, like Gecko) Chrome/32.0.1700.102 Safari/537.36"
"31.184.238.128","-","2015-09-14 20:02:37","GMT+0200","GET","/access.log",200,49859,"http://www.theknot.com/wedding/digoxin-and-prices","Mozilla/5.0 (Windows NT 5.1) AppleWebKit/537.36 (KHTML, like Gecko) Chrome/33.0.1750.117 Safari/537.36"
"31.184.238.128","-","2015-09-14 20:13:25","GMT+0200","GET","/access.log",200,50101,"http://pfchloramphenicol.forumcircle.com","Mozilla/5.0 (Windows NT 6.3; WOW64) AppleWebKit/537.36 (KHTML, like Gecko) Chrome/32.0.1700.107 Safari/537.36"
"158.222.9.95","-","2015-09-14 20:16:56","GMT+0200","GET","/access.log",200,50341,"http://www.veterina.jemnice.cz/","Mozilla/5.0 (Windows NT 6.1; Win64; x64) AppleWebKit/537.36 (KHTML, like Gecko) Chrome/40.0.2214.85 Safari/537.36"
"66.249.75.225","-","2015-09-14 20:22:19","GMT+0200","GET","/",200,11130,"-","Mozilla/5.0 (compatible; Googlebot/2.1; +http://www.google.com/bot.html)"
"31.184.238.128","-","2015-09-14 20:24:09","GMT+0200","GET","/access.log",200,50727,"http://valacyclovir-1000mg-order-online.aircus.com","Mozilla/5.0 (Macintosh; Intel Mac OS X 10_9_1) AppleWebKit/537.73.11 (KHTML, like Gecko) Version/7.0.1 Safari/537.73.11"
"31.184.238.128","-","2015-09-14 20:34:43","GMT+0200","GET","/access.log",200,50987,"http://clomiphene100mgh.aircus.com","Mozilla/5.0 (Windows NT 6.0) AppleWebKit/537.36 (KHTML, like Gecko) Chrome/33.0.1750.146 Safari/537.36"
"31.184.238.128","-","2015-09-14 20:45:22","GMT+0200","GET","/access.log",200,51214,"http://lamotrigine50mgl9.forumcircle.com","Mozilla/5.0 (Windows NT 6.1; WOW64) AppleWebKit/537.36 (KHTML, like Gecko) Chrome/32.0.1700.107 Safari/537.36 OPR/19.0.1326.63"
"31.184.238.128","-","2015-09-14 20:55:59","GMT+0200","GET","/access.log",200,51471,"http://gravatar.com/evunteldocormai","Mozilla/5.0 (Windows NT 6.3; WOW64) AppleWebKit/537.36 (KHTML, like Gecko) Chrome/32.0.1700.107 Safari/537.36"
"124.206.222.189","-","2015-09-14 20:56:45","GMT+0200","GET","/access.log",200,51706,"http://www.veterina.jemnice.cz/","Mozilla/5.0 (Windows NT 6.1; Win64; x64) AppleWebKit/537.36 (KHTML, like Gecko) Chrome/40.0.2214.85 Safari/537.36"
"45.57.167.53","-","2015-09-14 21:00:56","GMT+0200","GET","/access.log",200,51942,"http://www.veterina.jemnice.cz/","Mozilla/5.0 (Windows NT 6.3; WOW64; rv:35.0) Gecko/20100101 Firefox/35.0"
"66.249.75.233","-","2015-09-14 21:05:46","GMT+0200","GET","/access.log",200,52134,"-","Mozilla/5.0 (compatible; Googlebot/2.1; +http://www.google.com/bot.html)"
"31.184.238.128","-","2015-09-14 21:06:33","GMT+0200","GET","/access.log",200,52297,"http://buyparacetamolireland.page.tl","Mozilla/5.0 (Windows NT 6.3; WOW64) AppleWebKit/537.36 (KHTML, like Gecko) Chrome/32.0.1700.102 Safari/537.36"
"5.45.64.205","-","2015-09-14 21:16:27","GMT+0200","GET","/administrator/",200,6324,"-","Mozilla/5.0 (X11; Linux i686) AppleWebKit/534.30 (KHTML, like Gecko) Ubuntu/10.04 Chromium/12.0.742.112 Chrome/12.0.742.112 Safari/534.30"
"5.45.64.205","-","2015-09-14 21:16:27","GMT+0200","POST","/administrator/index.php",303,0,"http://www.veterina.jemnice.cz/administrator/","Mozilla/5.0 (X11; Linux i686) AppleWebKit/534.30 (KHTML, like Gecko) Ubuntu/10.04 Chromium/12.0.742.112 Chrome/12.0.742.112 Safari/534.30"
"5.45.64.205","-","2015-09-14 21:16:27","GMT+0200","GET","/administrator/index.php",200,6598,"http://www.veterina.jemnice.cz/administrator/","Mozilla/5.0 (X11; Linux i686) AppleWebKit/534.30 (KHTML, like Gecko) Ubuntu/10.04 Chromium/12.0.742.112 Chrome/12.0.742.112 Safari/534.30"
"31.184.238.128","-","2015-09-14 21:17:17","GMT+0200","GET","/access.log",200,53324,"http://www.theknot.com/wedding/mevacor-and-price","Mozilla/5.0 (Windows NT 6.1; WOW64) AppleWebKit/537.36 (KHTML, like Gecko) Chrome/32.0.1700.102 Safari/537.36 OPR/19.0.1326.59"
"31.184.238.128","-","2015-09-14 21:27:53","GMT+0200","GET","/access.log",200,53589,"http://jntrileptal300mg.forumcircle.com","Opera/9.80 (Windows NT 5.1) Presto/2.12.388 Version/12.16"
"37.203.208.106","-","2015-09-14 21:28:33","GMT+0200","GET","/access.log",200,53776,"http://www.veterina.jemnice.cz/","Mozilla/5.0 (Windows NT 6.3; WOW64; rv:35.0) Gecko/20100101 Firefox/35.0"
"188.126.90.88","-","2015-09-14 21:32:20","GMT+0200","GET","/access.log",200,53970,"-","Mozilla/5.0 (Windows NT 6.1; WOW64) AppleWebKit/537.36 (KHTML, like Gecko) Chrome/40.0.2214.111 Safari/537.36"
"82.226.191.6","-","2015-09-14 21:37:51","GMT+0200","GET","/access.log",200,54170,"http://www.veterina.jemnice.cz/","Mozilla/5.0 (Windows NT 6.1; Win64; x64) AppleWebKit/537.36 (KHTML, like Gecko) Chrome/40.0.2214.85 Safari/537.36"
"31.184.238.128","-","2015-09-14 21:38:48","GMT+0200","GET","/access.log",200,54403,"http://www.theknot.com/wedding/metformin-and-fast","Mozilla/5.0 (Windows NT 6.1; WOW64) AppleWebKit/537.36 (KHTML, like Gecko) Chrome/32.0.1700.102 Safari/537.36 OPR/19.0.1326.59"
"31.184.238.128","-","2015-09-14 21:49:30","GMT+0200","GET","/access.log",200,54669,"http://1btcefadroxil250mg.forumcircle.com","Mozilla/5.0 (Macintosh; Intel Mac OS X 10_9_1) AppleWebKit/537.73.11 (KHTML, like Gecko) Version/7.0.1 Safari/537.73.11"
"37.230.213.154","-","2015-09-14 21:58:13","GMT+0200","GET","/access.log",200,54920,"http://www.veterina.jemnice.cz/","Mozilla/5.0 (Windows NT 6.1; Win64; x64) AppleWebKit/537.36 (KHTML, like Gecko) Chrome/40.0.2214.85 Safari/537.36"
"157.55.39.207","-","2015-09-14 21:58:12","GMT+0200","GET","/index.php/nasi-pacienti/6-roxy-degenerace-rohovky",200,9847,"-","Mozilla/5.0 (compatible; bingbot/2.0; +http://www.bing.com/bingbot.htm)"
"157.55.39.207","-","2015-09-14 21:58:14","GMT+0200","GET","/index.php/o-nas",200,12995,"-","Mozilla/5.0 (compatible; bingbot/2.0; +http://www.bing.com/bingbot.htm)"
"157.55.39.207","-","2015-09-14 21:58:15","GMT+0200","GET","/index.php/fyzioterapie-zvirat",200,19701,"-","Mozilla/5.0 (compatible; bingbot/2.0; +http://www.bing.com/bingbot.htm)"
"157.55.39.207","-","2015-09-14 21:58:16","GMT+0200","GET","/index.php/nasi-pacienti/9-jessi-zanet-zvukovodu",200,10245,"-","Mozilla/5.0 (compatible; bingbot/2.0; +http://www.bing.com/bingbot.htm)"
"157.55.39.207","-","2015-09-14 21:58:17","GMT+0200","GET","/index.php/nasi-pacienti/8-tom-usni-svab",200,9842,"-","Mozilla/5.0 (compatible; bingbot/2.0; +http://www.bing.com/bingbot.htm)"
"157.55.39.207","-","2015-09-14 21:58:18","GMT+0200","GET","/",200,11130,"-","Mozilla/5.0 (compatible; bingbot/2.0; +http://www.bing.com/bingbot.htm)"
"116.53.74.216","-","2015-09-14 22:00:09","GMT+0200","GET","/access.log",200,56244,"http://www.veterina.jemnice.cz/","Mozilla/5.0 (Windows NT 6.1; Win64; x64) AppleWebKit/537.36 (KHTML, like Gecko) Chrome/40.0.2214.85 Safari/537.36"
"31.184.238.128","-","2015-09-14 22:00:28","GMT+0200","GET","/access.log",200,56478,"http://buynimotoplowprice.forumcircle.com","Mozilla/5.0 (Windows NT 6.1; WOW64) AppleWebKit/537.36 (KHTML, like Gecko) Chrome/32.0.1700.107 Safari/537.36 OPR/19.0.1326.63"
"180.76.15.150","-","2015-09-14 22:09:26","GMT+0200","GET","/media/jui/js/jquery.min.js",304,0,"-","Mozilla/5.0 (compatible; Baiduspider/2.0; +http://www.baidu.com/search/spider.html)"
"31.184.238.128","-","2015-09-14 22:11:15","GMT+0200","GET","/access.log",200,56922,"http://www.theknot.com/wedding/buying-compazine","Opera/9.80 (Windows NT 6.1; WOW64) Presto/2.12.388 Version/12.15"
"77.81.95.142","-","2015-09-14 22:17:08","GMT+0200","GET","/access.log",200,57124,"http://www.veterina.jemnice.cz/","Mozilla/5.0 (Windows NT 6.1; Win64; x64) AppleWebKit/537.36 (KHTML, like Gecko) Chrome/40.0.2214.85 Safari/537.36"
"31.184.238.128","-","2015-09-14 22:21:54","GMT+0200","GET","/access.log",200,57357,"http://buy-simvastatin-40mg-online.tumblr.com","Mozilla/5.0 (Windows NT 6.1; WOW64) AppleWebKit/537.36 (KHTML, like Gecko) Chrome/33.0.1750.117 Safari/537.36 OPR/20.0.1387.64"
"117.136.234.4","-","2015-09-14 22:24:00","GMT+0200","GET","http://www.veterina.jemnice.cz/access.log",200,57619,"http://www.veterina.jemnice.cz/","Mozilla/5.0 (Windows NT 6.3; WOW64; rv:35.0) Gecko/20100101 Firefox/35.0"
"74.91.22.74","-","2015-09-14 22:25:05","GMT+0200","GET","/",200,11130,"-","Mozilla/5.0 (Windows NT 5.1) BrokenLinkCheck.com/1.1"
"31.184.238.128","-","2015-09-14 22:32:39","GMT+0200","GET","/access.log",200,57973,"http://www.theknot.com/wedding/mebendazole-and-rx","Mozilla/5.0 (Windows NT 6.1; WOW64; rv:26.0) Gecko/20100101 Firefox/26.0"
"117.147.228.50","-","2015-09-14 22:40:12","GMT+0200","GET","/access.log",200,58185,"http://www.veterina.jemnice.cz/","Mozilla/5.0 (Windows NT 6.1; Win64; x64) AppleWebKit/537.36 (KHTML, like Gecko) Chrome/40.0.2214.85 Safari/537.36"
"31.184.238.128","-","2015-09-14 22:43:11","GMT+0200","GET","/access.log",200,58420,"http://gravatar.com/headcompperlibalos","Opera/9.80 (Windows NT 5.1) Presto/2.12.388 Version/12.16"
"157.55.39.207","-","2015-09-14 22:44:36","GMT+0200","GET","/index.php/nasi-pacienti/6-roxy-degenerace-rohovky",200,9847,"-","Mozilla/5.0 (compatible; bingbot/2.0; +http://www.bing.com/bingbot.htm)"
"31.184.238.128","-","2015-09-14 22:54:09","GMT+0200","GET","/access.log",200,58806,"http://gravatar.com/waiskyrsinmakinroo","Mozilla/5.0 (Windows NT 6.1; WOW64) AppleWebKit/537.36 (KHTML, like Gecko) Chrome/33.0.1750.117 Safari/537.36"
"31.184.238.128","-","2015-09-14 23:04:48","GMT+0200","GET","/access.log",200,59044,"http://www.theknot.com/wedding/lozol-and-price","Opera/9.80 (Windows NT 6.1; Win64; x64) Presto/2.12.388 Version/12.16"
"66.249.75.225","-","2015-09-14 23:06:24","GMT+0200","GET","/robots.txt",404,319,"-","Mozilla/5.0 (compatible; Googlebot/2.1; +http://www.google.com/bot.html)"
"66.249.75.217","-","2015-09-14 23:06:24","GMT+0200","GET","/",200,11130,"-","Mozilla/5.0 (compatible; Googlebot/2.1; +http://www.google.com/bot.html)"
"131.156.137.98","-","2015-09-14 23:08:14","GMT+0200","GET","/access.log",200,59564,"http://www.veterina.jemnice.cz/","Mozilla/5.0 (Windows NT 6.1; Win64; x64) AppleWebKit/537.36 (KHTML, like Gecko) Chrome/40.0.2214.85 Safari/537.36"
"107.172.3.77","-","2015-09-14 23:10:25","GMT+0200","GET","/access.log",200,59799,"http://www.veterina.jemnice.cz/","Mozilla/5.0 (Windows NT 6.1; Win64; x64) AppleWebKit/537.36 (KHTML, like Gecko) Chrome/40.0.2214.85 Safari/537.36"
"107.172.3.77","-","2015-09-14 23:10:26","GMT+0200","GET","/templates/rt_afterburner/css/template.css",200,22974,"http://www.veterina.jemnice.cz/access.log","Mozilla/5.0 (Windows NT 6.1; Win64; x64) AppleWebKit/537.36 (KHTML, like Gecko) Chrome/40.0.2214.85 Safari/537.36"
"31.184.238.128","-","2015-09-14 23:15:40","GMT+0200","GET","/access.log",200,60306,"http://f4cefadroxil.forumcircle.com","Mozilla/5.0 (Windows NT 6.0) AppleWebKit/537.36 (KHTML, like Gecko) Chrome/32.0.1700.107 Safari/537.36"
"198.23.179.212","-","2015-09-14 23:15:54","GMT+0200","GET","/access.log",200,60534,"http://www.veterina.jemnice.cz/","Mozilla/5.0 (Windows NT 6.1; Win64; x64) AppleWebKit/537.36 (KHTML, like Gecko) Chrome/40.0.2214.85 Safari/537.36"
"198.23.179.212","-","2015-09-14 23:15:56","GMT+0200","GET","/templates/rt_afterburner/css/template.css",200,22974,"http://www.veterina.jemnice.cz/access.log","Mozilla/5.0 (Windows NT 6.1; Win64; x64) AppleWebKit/537.36 (KHTML, like Gecko) Chrome/40.0.2214.85 Safari/537.36"
"31.184.238.128","-","2015-09-14 23:26:31","GMT+0200","GET","/access.log",200,61045,"http://gravatar.com/wranticmanessstatus","Mozilla/5.0 (Windows NT 6.1; WOW64; rv:27.0) Gecko/20100101 Firefox/27.0"
"66.249.75.225","-","2015-09-14 23:33:40","GMT+0200","GET","/index.php",200,11064,"-","Mozilla/5.0 (compatible; Googlebot/2.1; +http://www.google.com/bot.html)"
"192.187.100.154","-","2015-09-14 23:36:11","GMT+0200","GET","/access.log",200,61409,"http://www.veterina.jemnice.cz/","Mozilla/5.0 (Windows NT 6.1; Win64; x64) AppleWebKit/537.36 (KHTML, like Gecko) Chrome/40.0.2214.85 Safari/537.36"
"31.184.238.128","-","2015-09-14 23:37:35","GMT+0200","GET","/access.log",200,61645,"http://ezetimibe10mgt3.forumcircle.com","Mozilla/5.0 (Windows NT 5.1; rv:26.0) Gecko/20100101 Firefox/26.0"
"31.184.238.128","-","2015-09-14 23:48:38","GMT+0200","GET","/access.log",200,61839,"http://ordertizanidinecheap.page.tl","Mozilla/5.0 (Windows NT 6.1) AppleWebKit/537.36 (KHTML, like Gecko) Chrome/32.0.1700.76 Safari/537.36"
"5.45.64.205","-","2015-09-14 23:51:50","GMT+0200","GET","/administrator/",200,6324,"-","Mozilla/5.0 (X11; U; Linux x86_64; en-US) AppleWebKit/534.16 (KHTML, like Gecko) Chrome/10.0.648.133 Safari/534.16"
"5.45.64.205","-","2015-09-14 23:51:51","GMT+0200","POST","/administrator/index.php",303,0,"http://www.veterina.jemnice.cz/administrator/","Mozilla/5.0 (X11; U; Linux x86_64; en-US) AppleWebKit/534.16 (KHTML, like Gecko) Chrome/10.0.648.133 Safari/534.16"
"5.45.64.205","-","2015-09-14 23:51:51","GMT+0200","GET","/administrator/index.php",200,6598,"http://www.veterina.jemnice.cz/administrator/","Mozilla/5.0 (X11; U; Linux x86_64; en-US) AppleWebKit/534.16 (KHTML, like Gecko) Chrome/10.0.648.133 Safari/534.16"
"31.184.238.128","-","2015-09-14 23:59:40","GMT+0200","GET","/access.log",200,62788,"http://dgmsimvastatin20mg.forumcircle.com","Mozilla/5.0 (Windows NT 5.1; rv:27.0) Gecko/20100101 Firefox/27.0"
"186.237.48.154","-","2015-09-15 00:07:11","GMT+0200","GET","/access.log",200,62985,"http://www.veterina.jemnice.cz/","Mozilla/5.0 (Windows NT 6.1; Win64; x64) AppleWebKit/537.36 (KHTML, like Gecko) Chrome/40.0.2214.85 Safari/537.36"
"31.184.238.128","-","2015-09-15 00:10:41","GMT+0200","GET","/access.log",200,63220,"http://cyclophosphamide2h.forumcircle.com","Mozilla/5.0 (Windows NT 6.0) AppleWebKit/537.36 (KHTML, like Gecko) Chrome/32.0.1700.107 Safari/537.36"
"218.207.212.79","-","2015-09-15 00:17:01","GMT+0200","GET","/access.log",200,63454,"http://www.veterina.jemnice.cz/","Mozilla/5.0 (Windows NT 6.3; WOW64; rv:35.0) Gecko/20100101 Firefox/35.0"
"195.208.220.144","-","2015-09-15 00:17:29","GMT+0200","GET","/access.log",200,63648,"http://www.veterina.jemnice.cz/","Mozilla/5.0 (Windows NT 6.1; WOW64) AppleWebKit/537.36 (KHTML, like Gecko) Chrome/34.0.1847.116 Safari/537.36"
"31.184.238.128","-","2015-09-15 00:21:50","GMT+0200","GET","/access.log",200,63880,"http://gravatar.com/ordercalciumacetatewithoutprescript","Mozilla/5.0 (Windows NT 6.1; WOW64; rv:27.0) Gecko/20100101 Firefox/27.0"
"192.187.100.154","-","2015-09-15 00:22:56","GMT+0200","GET","/access.log",200,64098,"http://www.veterina.jemnice.cz/","Mozilla/5.0 (Windows NT 6.1; Win64; x64) AppleWebKit/537.36 (KHTML, like Gecko) Chrome/40.0.2214.85 Safari/537.36"
"158.222.4.72","-","2015-09-15 00:24:13","GMT+0200","GET","/access.log",200,64334,"http://www.veterina.jemnice.cz/","Mozilla/5.0 (Windows NT 6.1; Win64; x64) AppleWebKit/537.36 (KHTML, like Gecko) Chrome/40.0.2214.85 Safari/537.36"
"31.184.238.128","-","2015-09-15 00:32:53","GMT+0200","GET","/access.log",200,64567,"http://dm2amlodipine5mg.forumcircle.com","Mozilla/5.0 (Windows NT 6.2; WOW64) AppleWebKit/537.36 (KHTML, like Gecko) Chrome/32.0.1700.76 Safari/537.36"
"31.184.238.128","-","2015-09-15 00:43:51","GMT+0200","GET","/access.log",200,64805,"http://www.theknot.com/wedding/risperidone-and-prescription","Mozilla/5.0 (Windows NT 6.1; WOW64) AppleWebKit/537.36 (KHTML, like Gecko) Chrome/32.0.1700.107 Safari/537.36"
"31.184.238.128","-","2015-09-15 00:54:45","GMT+0200","GET","/access.log",200,65064,"http://orderlithiumfi.forumcircle.com","Mozilla/5.0 (Windows NT 6.1; rv:27.0) Gecko/20100101 Firefox/27.0"
"23.95.226.244","-","2015-09-15 01:01:19","GMT+0200","GET","/access.log",200,65257,"http://www.veterina.jemnice.cz/","Mozilla/5.0 (Windows NT 6.1; WOW64) AppleWebKit/537.36 (KHTML, like Gecko) Chrome/34.0.1847.116 Safari/537.36"
"23.95.226.244","-","2015-09-15 01:01:20","GMT+0200","GET","/templates/rt_afterburner/css/template.css",200,22974,"http://www.veterina.jemnice.cz/access.log","Mozilla/5.0 (Windows NT 6.1; WOW64) AppleWebKit/537.36 (KHTML, like Gecko) Chrome/34.0.1847.116 Safari/537.36"
"107.168.140.37","-","2015-09-15 01:02:34","GMT+0200","GET","/access.log",200,65758,"http://www.veterina.jemnice.cz/","Mozilla/5.0 (Windows NT 6.1; Win64; x64) AppleWebKit/537.36 (KHTML, like Gecko) Chrome/40.0.2214.85 Safari/537.36"
"79.129.56.159","-","2015-09-15 01:05:05","GMT+0200","GET","/access.log",200,65993,"http://www.veterina.jemnice.cz/","Mozilla/5.0 (Windows NT 6.3; WOW64) AppleWebKit/537.36 (KHTML, like Gecko) Chrome/39.0.2171.95 Safari/537.36"
"115.238.225.26","-","2015-09-15 01:05:27","GMT+0200","GET","/access.log",200,66222,"http://www.veterina.jemnice.cz/","Mozilla/5.0 (Windows NT 6.3; WOW64) AppleWebKit/537.36 (KHTML, like Gecko) Chrome/39.0.2171.95 Safari/537.36"
"31.184.238.128","-","2015-09-15 01:05:45","GMT+0200","GET","/access.log",200,66452,"http://www.theknot.com/wedding/estradiol-and-worldwide","Mozilla/5.0 (Windows NT 6.1; WOW64) AppleWebKit/537.36 (KHTML, like Gecko) Chrome/33.0.1750.117 Safari/537.36"
"118.244.254.17","-","2015-09-15 01:14:22","GMT+0200","GET","/access.log",200,66706,"http://www.veterina.jemnice.cz/","Mozilla/5.0 (Windows NT 6.1; Win64; x64) AppleWebKit/537.36 (KHTML, like Gecko) Chrome/40.0.2214.85 Safari/537.36"
"31.184.238.128","-","2015-09-15 01:16:34","GMT+0200","GET","/access.log",200,66941,"http://gravatar.com/capaterlerugi","Mozilla/5.0 (Windows NT 6.1; WOW64) AppleWebKit/537.36 (KHTML, like Gecko) Chrome/32.0.1700.76 Safari/537.36"
"104.168.50.79","-","2015-09-15 01:17:34","GMT+0200","GET","/access.log",200,67173,"http://www.veterina.jemnice.cz/","Mozilla/5.0 (Windows NT 6.1; WOW64) AppleWebKit/537.36 (KHTML, like Gecko) Chrome/34.0.1847.116 Safari/537.36"
"104.168.50.79","-","2015-09-15 01:17:35","GMT+0200","GET","/templates/rt_afterburner/css/template.css",200,22974,"http://www.veterina.jemnice.cz/access.log","Mozilla/5.0 (Windows NT 6.1; WOW64) AppleWebKit/537.36 (KHTML, like Gecko) Chrome/34.0.1847.116 Safari/537.36"
"31.184.238.128","-","2015-09-15 01:27:35","GMT+0200","GET","/access.log",200,67674,"http://gravatar.com/azelastinejy1","Mozilla/5.0 (Windows NT 6.1) AppleWebKit/537.36 (KHTML, like Gecko) Chrome/30.0.1599.13014 YaBrowser/13.12.1599.13014 Safari/537.36"
"31.184.238.128","-","2015-09-15 01:38:13","GMT+0200","GET","/access.log",200,67929,"http://gravatar.com/clomidu9","Mozilla/5.0 (Windows NT 6.1) AppleWebKit/537.36 (KHTML, like Gecko) Chrome/33.0.1750.146 Safari/537.36"
"31.184.238.128","-","2015-09-15 01:49:16","GMT+0200","GET","/access.log",200,68150,"http://gravatar.com/pumeleawadifma","Mozilla/5.0 (Windows NT 5.1; rv:26.0) Gecko/20100101 Firefox/26.0"
"31.184.238.128","-","2015-09-15 02:00:19","GMT+0200","GET","/access.log",200,68340,"http://gravatar.com/legpartrastinimul","Opera/9.80 (Windows NT 6.1; Win64; x64) Presto/2.12.388 Version/12.16"
"192.187.100.154","-","2015-09-15 02:02:00","GMT+0200","GET","/access.log",200,68537,"http://www.veterina.jemnice.cz/","Mozilla/5.0 (Windows NT 6.1; Win64; x64) AppleWebKit/537.36 (KHTML, like Gecko) Chrome/40.0.2214.85 Safari/537.36"
"166.88.120.49","-","2015-09-15 02:04:44","GMT+0200","GET","/access.log",200,68773,"http://www.veterina.jemnice.cz/","Mozilla/5.0 (Windows NT 6.1; Win64; x64) AppleWebKit/537.36 (KHTML, like Gecko) Chrome/40.0.2214.85 Safari/537.36"
"192.187.100.154","-","2015-09-15 02:09:45","GMT+0200","GET","/access.log",200,69007,"http://www.veterina.jemnice.cz/","Mozilla/5.0 (Windows NT 6.1; Win64; x64) AppleWebKit/537.36 (KHTML, like Gecko) Chrome/40.0.2214.85 Safari/537.36"
"221.176.14.78","-","2015-09-15 02:09:53","GMT+0200","GET","/access.log",200,69243,"http://www.veterina.jemnice.cz/","Mozilla/5.0 (Windows NT 6.1; Win64; x64) AppleWebKit/537.36 (KHTML, like Gecko) Chrome/40.0.2214.85 Safari/537.36"
"31.184.238.128","-","2015-09-15 02:11:31","GMT+0200","GET","/access.log",200,69477,"http://1atomoxetine25mg.aircus.com","Mozilla/5.0 (Windows NT 5.1) AppleWebKit/537.36 (KHTML, like Gecko) Chrome/33.0.1750.146 Safari/537.36"
"66.249.75.233","-","2015-09-15 02:15:55","GMT+0200","GET","/index.php",200,11064,"-","Mozilla/5.0 (compatible; Googlebot/2.1; +http://www.google.com/bot.html)"
"31.184.238.128","-","2015-09-15 02:22:36","GMT+0200","GET","/access.log",200,69866,"http://r8norfloxacin400mg.over-blog.com","Mozilla/5.0 (Windows NT 6.3; WOW64) AppleWebKit/537.36 (KHTML, like Gecko) Chrome/33.0.1750.117 Safari/537.36"
